<?xml version="1.0" encoding="UTF-8"?>
<!DOCTYPE generatorConfiguration
        PUBLIC "-//mybatis.org//DTD MyBatis Generator Configuration 1.0//EN"
        "http://mybatis.org/dtd/mybatis-generator-config_1_0.dtd">
<generatorConfiguration>

    <context id="DB2Tables" targetRuntime="MyBatis3">
        <!-- 6. 设置生成文件的时候不生成注释 -->
        <commentGenerator>
            <property name="suppressAllComments" value="true"/>
        </commentGenerator>

        <!-- 1. 数据库连接信息 -->
        <jdbcConnection driverClass="oracle.jdbc.driver.OracleDriver"
                        connectionURL="jdbc:oracle:thin:@192.168.123.233:1521:xe"
                        userId="JAVAHIS"
                        password="JAVAHIS">
        </jdbcConnection>
        <!-- 默认false，把JDBC DECIMAL 和 NUMERIC 类型解析为 Integer，为 true时把JDBC DECIMAL 和
                NUMERIC 类型解析为java.math.BigDecimal -->
        <javaTypeResolver>
            <property name="forceBigDecimals" value="false"/>
        </javaTypeResolver>

        <!-- 2. 指定JavaBean生成的位置 -->
        <javaModelGenerator targetPackage="com.das.domain" targetProject="./src/main/java">
            <!-- enableSubPackages:是否让schema作为包的后缀 -->
            <property name="enableSubPackages" value="false"/>
            <!-- 从数据库返回的值被清理前后的空格 -->
            <property name="trimStrings" value="true"/>
        </javaModelGenerator>

        <!-- 3. 指定sql映射文件生成的位置 -->
        <sqlMapGenerator targetPackage="mapper" targetProject="./src/main/resources">
            <property name="enableSubPackages" value="false"/>
        </sqlMapGenerator>

        <!-- 4. 指定dao接口生成的位置，mapper接口 -->
        <javaClientGenerator type="XMLMAPPER" targetPackage="com.das.dao" targetProject="./src/main/java">
            <property name="enableSubPackages" value="false"/>
        </javaClientGenerator>

        <!-- 5. table指定每个表的生成策略,不生成example类  -->
        <!--  domainObjectName:生成后的实例名
            enableCountByExample:Count语句中加入where条件查询，默认为true开启
            enableUpdateByExample:Update语句中加入where条件查询，默认为true开启
            enableDeleteByExample:Delete语句中加入where条件查询，默认为true开启
            enableSelectByExample:Select多条语句中加入where条件查询，默认为true开启
            selectByExampleQueryId:Select单个对象语句中加入where条件查询，默认为true开启 -->
        <!--<table tableName="user" domainObjectName="User"
               enableCountByExample="false"
               enableUpdateByExample="false"
               enableDeleteByExample="false"
               enableSelectByExample="false"
               selectByExampleQueryId="false">
        </table>
        <table tableName="role" domainObjectName="Role"
               enableCountByExample="false"
               enableUpdateByExample="false"
               enableDeleteByExample="false"
               enableSelectByExample="false"
               selectByExampleQueryId="false">
        </table>-->
        
        <!-- <table tableName="unicode_subsystem" domainObjectName="UnicodeSubsystem"
               enableCountByExample="false"
               enableUpdateByExample="false"
               enableDeleteByExample="false"
               enableSelectByExample="false"
               selectByExampleQueryId="false">
        </table> -->
        <!-- 
        <table tableName="sys_io_inf" domainObjectName="SysIoInf"
               enableCountByExample="false"
               enableUpdateByExample="false"
               enableDeleteByExample="false"
               enableSelectByExample="false"
               selectByExampleQueryId="false">
        </table>
 		-->
 		<!--  
	 	<table tableName="uni_schedule_job" domainObjectName="uniScheduleJob"
	               enableCountByExample="false"
	               enableUpdateByExample="false"
	               enableDeleteByExample="false"
	               enableSelectByExample="false"
	               selectByExampleQueryId="false">
	     </table>
       <table tableName="sys_io_sharetable" domainObjectName="SysIoShareTable"
               enableCountByExample="false"
               enableUpdateByExample="false"
               enableDeleteByExample="false"
               enableSelectByExample="false"
               selectByExampleQueryId="false">
       </table>
        <table tableName="sys_dictionary" domainObjectName="SysDictionary"
               enableCountByExample="false"
               enableUpdateByExample="false"
               enableDeleteByExample="false"
               enableSelectByExample="false"
               selectByExampleQueryId="false">
       </table>
        <table tableName="sys_dept" domainObjectName="SysDept"
               enableCountByExample="false"
               enableUpdateByExample="false"
               enableDeleteByExample="false"
               enableSelectByExample="false"
               selectByExampleQueryId="false">
       </table>
        <table tableName="SYS_OPERATOR" domainObjectName="SysOperator"
               enableCountByExample="false"
               enableUpdateByExample="false"
               enableDeleteByExample="false"
               enableSelectByExample="false"
               selectByExampleQueryId="false">
       </table>
      
       <table tableName="SYS_OPERATOR_DEPT" domainObjectName="SysOperatorDept"
               enableCountByExample="false"
               enableUpdateByExample="false"
               enableDeleteByExample="false"
               enableSelectByExample="false"
               selectByExampleQueryId="false">
       </table>
       
       <table tableName="SYS_CATEGORY" domainObjectName="SysCategory"
               enableCountByExample="false"
               enableUpdateByExample="false"
               enableDeleteByExample="false"
               enableSelectByExample="false"
               selectByExampleQueryId="false">
       </table>
       <table tableName="SYS_FEE" domainObjectName="SysFee"
               enableCountByExample="false"
               enableUpdateByExample="false"
               enableDeleteByExample="false"
               enableSelectByExample="false"
               selectByExampleQueryId="false">
       </table>
       <table tableName="SYS_UNIT" domainObjectName="SysUnit"
               enableCountByExample="false"
               enableUpdateByExample="false"
               enableDeleteByExample="false"
               enableSelectByExample="false"
               selectByExampleQueryId="false">
       </table>
        <table tableName="SYS_MANUFACTURER" domainObjectName="SysManufacturer"
               enableCountByExample="false"
               enableUpdateByExample="false"
               enableDeleteByExample="false"
               enableSelectByExample="false"
               selectByExampleQueryId="false">
       </table>
       <table tableName="SYS_DIAGNOSIS" domainObjectName="SysDiagnosis"
               enableCountByExample="false"
               enableUpdateByExample="false"
               enableDeleteByExample="false"
               enableSelectByExample="false"
               selectByExampleQueryId="false">
       </table>
       <table tableName="SYS_IO_LOG" domainObjectName="SysIoLog"
               enableCountByExample="false"
               enableUpdateByExample="false"
               enableDeleteByExample="false"
               enableSelectByExample="false"
               selectByExampleQueryId="false">
       </table>

        <table tableName="SYS_RULE" domainObjectName="SysRule"
               enableCountByExample="false"
               enableUpdateByExample="false"
               enableDeleteByExample="false"
               enableSelectByExample="false"
               selectByExampleQueryId="false">
       </table>

        <table tableName="unicode_temp" domainObjectName="UnicodeTemp"
               enableCountByExample="false"
               enableUpdateByExample="false"
               enableDeleteByExample="false"
               enableSelectByExample="false"
               selectByExampleQueryId="false">
        </table>
        -->
        <table tableName="unicode_compare" domainObjectName="UnicodeCompare"
               enableCountByExample="false"
               enableUpdateByExample="false"
               enableDeleteByExample="false"
               enableSelectByExample="false"
               selectByExampleQueryId="false">
        </table>
    </context>
</generatorConfiguration> 
  