<?xml version="1.0" encoding="UTF-8"?>
<!DOCTYPE mapper PUBLIC "-//mybatis.org//DTD Mapper 3.0//EN" "http://mybatis.org/dtd/mybatis-3-mapper.dtd">
<mapper namespace="com.das.dao.ScheduleJobMapper">
    <resultMap id="BaseResultMap" type="com.das.domain.ScheduleJob">
        <id column="id" jdbcType="INTEGER" property="id"/>
        <result column="job_name" jdbcType="VARCHAR" property="jobName"/>
        <result column="job_group" jdbcType="VARCHAR" property="jobGroup"/>
        <result column="status" jdbcType="INTEGER" property="status"/>
        <result column="cronExpression" jdbcType="VARCHAR" property="cronExpression"/>
        <result column="bean_class" jdbcType="VARCHAR" property="beanClass"/>
        <result column="params" jdbcType="VARCHAR" property="params"/>
        <result column="remark" jdbcType="VARCHAR" property="remark"/>
        <result column="createTime" jdbcType="TIMESTAMP" property="createTime"/>
        <result column="modifyTime" jdbcType="TIMESTAMP" property="modifyTime"/>
        <result column="spring_id" jdbcType="VARCHAR" property="springId"/>
        <result column="method_name" jdbcType="VARCHAR" property="methodName"/>
    </resultMap>


    <!-- 查询所有的定时任务 -->
    <select id="listAllJob" resultMap="BaseResultMap">
      SELECT * from uni_schedule_job
    </select>

    <!-- 更新定时任务状态 -->
    <update id="updateJobStatusById" parameterType="ScheduleJob">
      update uni_schedule_job SET status = #{status} where id = #{id}
    </update>

    <!-- 根据主键查询定时任务 -->
    <select id = "getScheduleJobByPrimaryKey" resultMap="BaseResultMap">
        SELECT a.* from uni_schedule_job a WHERE a.id = #{id}
    </select>

    <!-- 修改定时任务时间表达式 -->
    <update id="updateJobCronExpressionById" parameterType="ScheduleJob">
        UPDATE uni_schedule_job SET cronExpression = #{cronExpression} where id = #{id}
    </update>

    <!-- 新增定时任务 -->
    <insert id="addScheduleJob" parameterType="ScheduleJob">
        insert into uni_schedule_job
        <trim prefix="(" suffix=")" suffixOverrides=",">
            <if test="jobName != null and jobName != ''">job_name,</if>
            <if test="jobGroup != null and jobGroup != ''">job_group,</if>
            <if test="status != null and status != ''">status,</if>
            <if test="cronExpression != null and cronExpression != ''">cronExpression,</if>
            <if test="methodName != null and methodName != ''">method_name,</if>
            <if test="beanClass != null and beanClass != ''">bean_class,</if>
            <if test="params != null and params != ''">params,</if>
            <if test="remark != null and remark != ''">remark</if>
        </trim>
        <trim prefix="values(" suffix=")" suffixOverrides=",">
            <if test="jobName != null and jobName != ''">#{jobName},</if>
            <if test="jobGroup != null and jobGroup != ''">#{jobGroup},</if>
            <if test="status!= null and status != ''">#{status},</if>
            <if test="cronExpression != null and cronExpression != ''">#{cronExpression},</if>
            <if test="methodName != null and methodName != ''">#{methodName},</if>
            <if test="beanClass != null and beanClass != ''">#{beanClass},</if>
            <if test="params != null and params != ''">#{params},</if>
            <if test="remark != null and remark != ''">#{remark},</if>
        </trim>
    </insert>

</mapper>