<?xml version="1.0" encoding="UTF-8"?>
<!DOCTYPE mapper PUBLIC "-//mybatis.org//DTD Mapper 3.0//EN" "http://mybatis.org/dtd/mybatis-3-mapper.dtd">
<mapper namespace="com.das.dao.SysIoTableMapper">
  <resultMap id="BaseResultMap" type="com.das.domain.SysIoTable">
    <id column="IO_CODE" jdbcType="VARCHAR" property="ioCode" />
    <id column="TABLE_NAME" jdbcType="VARCHAR" property="tableName" />
    <result column="READ" jdbcType="VARCHAR" property="read" />
    <result column="WRITE" jdbcType="VARCHAR" property="write" />
    <result column="LISTEN" jdbcType="VARCHAR" property="listen" />
    <result column="OPT_USER" jdbcType="VARCHAR" property="optUser" />
    <result column="OPT_DATE" jdbcType="TIMESTAMP" property="optDate" />
    <result column="OPT_TERM" jdbcType="VARCHAR" property="optTerm" />
    <result column="status" jdbcType="VARCHAR" property="status"/>
  </resultMap>
  <sql id="Base_Column_List">
    IO_CODE, TABLE_NAME, READ, WRITE, LISTEN, OPT_USER, OPT_DATE, OPT_TERM
  </sql>
  <select id="selectByPrimaryKey" parameterType="com.das.domain.SysIoTable" resultMap="BaseResultMap">
    select 
    <include refid="Base_Column_List" />
    from SYS_IO_TABLE
    where IO_CODE = #{ioCode,jdbcType=VARCHAR}
      and TABLE_NAME = #{tableName,jdbcType=VARCHAR}
  </select>
  <delete id="deleteByPrimaryKey" parameterType="com.das.domain.SysIoTable">
    delete from SYS_IO_TABLE
    where IO_CODE = #{ioCode,jdbcType=VARCHAR}
      and TABLE_NAME = #{tableName,jdbcType=VARCHAR}
  </delete>
  <insert id="insert" parameterType="com.das.domain.SysIoTable">
    insert into SYS_IO_TABLE (IO_CODE, TABLE_NAME, READ, 
      WRITE, LISTEN, OPT_USER, 
      OPT_DATE, OPT_TERM)
    values (#{ioCode,jdbcType=VARCHAR}, #{tableName,jdbcType=VARCHAR}, #{read,jdbcType=VARCHAR}, 
      #{write,jdbcType=VARCHAR}, #{listen,jdbcType=VARCHAR}, #{optUser,jdbcType=VARCHAR}, 
      #{optDate,jdbcType=TIMESTAMP}, #{optTerm,jdbcType=VARCHAR})
  </insert>
  <insert id="insertSelective" parameterType="com.das.domain.SysIoTable">
    insert into SYS_IO_TABLE
    <trim prefix="(" suffix=")" suffixOverrides=",">
      <if test="ioCode != null">
        IO_CODE,
      </if>
      <if test="tableName != null">
        TABLE_NAME,
      </if>
      <if test="read != null">
        READ,
      </if>
      <if test="write != null">
        WRITE,
      </if>
      <if test="listen != null">
        LISTEN,
      </if>
      <if test="optUser != null">
        OPT_USER,
      </if>
      <if test="optDate != null">
        OPT_DATE,
      </if>
      <if test="optTerm != null">
        OPT_TERM,
      </if>
    </trim>
    <trim prefix="values (" suffix=")" suffixOverrides=",">
      <if test="ioCode != null">
        #{ioCode,jdbcType=VARCHAR},
      </if>
      <if test="tableName != null">
        #{tableName,jdbcType=VARCHAR},
      </if>
      <if test="read != null">
        #{read,jdbcType=VARCHAR},
      </if>
      <if test="write != null">
        #{write,jdbcType=VARCHAR},
      </if>
      <if test="listen != null">
        #{listen,jdbcType=VARCHAR},
      </if>
      <if test="optUser != null">
        #{optUser,jdbcType=VARCHAR},
      </if>
      <if test="optDate != null">
        #{optDate,jdbcType=TIMESTAMP},
      </if>
      <if test="optTerm != null">
        #{optTerm,jdbcType=VARCHAR},
      </if>
    </trim>
  </insert>
  <update id="updateByPrimaryKeySelective" parameterType="com.das.domain.SysIoTable">
    update SYS_IO_TABLE
    <set>
      <if test="read != null">
        READ = #{read,jdbcType=VARCHAR},
      </if>
      <if test="write != null">
        WRITE = #{write,jdbcType=VARCHAR},
      </if>
      <if test="listen != null">
        LISTEN = #{listen,jdbcType=VARCHAR},
      </if>
      <if test="optUser != null">
        OPT_USER = #{optUser,jdbcType=VARCHAR},
      </if>
      <if test="optDate != null">
        OPT_DATE = #{optDate,jdbcType=TIMESTAMP},
      </if>
      <if test="optTerm != null">
        OPT_TERM = #{optTerm,jdbcType=VARCHAR},
      </if>
    </set>
    where IO_CODE = #{ioCode,jdbcType=VARCHAR}
      and TABLE_NAME = #{tableName,jdbcType=VARCHAR}
  </update>
  <update id="updateByPrimaryKey" parameterType="com.das.domain.SysIoTable">
    update SYS_IO_TABLE
    set READ = #{read,jdbcType=VARCHAR},
      WRITE = #{write,jdbcType=VARCHAR},
      LISTEN = #{listen,jdbcType=VARCHAR},
      OPT_USER = #{optUser,jdbcType=VARCHAR},
      OPT_DATE = #{optDate,jdbcType=TIMESTAMP},
      OPT_TERM = #{optTerm,jdbcType=VARCHAR}
    where IO_CODE = #{ioCode,jdbcType=VARCHAR}
      and TABLE_NAME = #{tableName,jdbcType=VARCHAR}
  </update>
</mapper>