<?xml version="1.0" encoding="UTF-8"?>
<!DOCTYPE mapper PUBLIC "-//mybatis.org//DTD Mapper 3.0//EN" "http://mybatis.org/dtd/mybatis-3-mapper.dtd">
<mapper namespace="com.das.dao.SysIoInfMapper">
  <resultMap id="BaseResultMap" type="com.das.domain.SysIoInf">
    <id column="io_code" jdbcType="VARCHAR" property="ioCode" />
    <result column="chn_desc" jdbcType="VARCHAR" property="chnDesc" />
    <result column="eng_desc" jdbcType="VARCHAR" property="engDesc" />
    <result column="contacts_name" jdbcType="VARCHAR" property="contactsName" />
    <result column="tel" jdbcType="VARCHAR" property="tel" />
    <result column="e_mail" jdbcType="VARCHAR" property="eMail" />
    <result column="password" jdbcType="VARCHAR" property="password" />
    <result column="status" jdbcType="VARCHAR" property="status" />
    <result column="py1" jdbcType="VARCHAR" property="py1" />
    <result column="py2" jdbcType="VARCHAR" property="py2" />
    <result column="opt_user" jdbcType="VARCHAR" property="optUser" />
    <result column="opt_date" jdbcType="DATE" property="optDate" />
    <result column="opt_term" jdbcType="VARCHAR" property="optTerm" />
  </resultMap>
  <sql id="Base_Column_List">
    io_code, chn_desc, eng_desc, contacts_name, tel, e_mail, password, status, py1, py2, 
    opt_user, opt_date, opt_term
  </sql>
  <select id="selectByPrimaryKey" parameterType="java.lang.String" resultMap="BaseResultMap">
    select 
    <include refid="Base_Column_List" />
    from sys_io_inf
    where io_code = #{ioCode,jdbcType=VARCHAR}
  </select>
  <delete id="deleteByPrimaryKey" parameterType="java.lang.String">
    delete from sys_io_inf
    where io_code = #{ioCode,jdbcType=VARCHAR}
  </delete>
  <insert id="insert" parameterType="com.das.domain.SysIoInf">
    insert into sys_io_inf (io_code, chn_desc, eng_desc, 
      contacts_name, tel, e_mail, 
      password, status, py1, 
      py2, opt_user, opt_date, 
      opt_term)
    values (#{ioCode,jdbcType=VARCHAR}, #{chnDesc,jdbcType=VARCHAR}, #{engDesc,jdbcType=VARCHAR}, 
      #{contactsName,jdbcType=VARCHAR}, #{tel,jdbcType=VARCHAR}, #{eMail,jdbcType=VARCHAR}, 
      #{password,jdbcType=VARCHAR}, #{status,jdbcType=VARCHAR}, #{py1,jdbcType=VARCHAR}, 
      #{py2,jdbcType=VARCHAR}, #{optUser,jdbcType=VARCHAR}, #{optDate,jdbcType=DATE}, 
      #{optTerm,jdbcType=VARCHAR})
  </insert>
  <insert id="insertSelective" parameterType="com.das.domain.SysIoInf">
    insert into sys_io_inf
    <trim prefix="(" suffix=")" suffixOverrides=",">
      <if test="ioCode != null">
        io_code,
      </if>
      <if test="chnDesc != null">
        chn_desc,
      </if>
      <if test="engDesc != null">
        eng_desc,
      </if>
      <if test="contactsName != null">
        contacts_name,
      </if>
      <if test="tel != null">
        tel,
      </if>
      <if test="eMail != null">
        e_mail,
      </if>
      <if test="password != null">
        password,
      </if>
      <if test="status != null">
        status,
      </if>
      <if test="py1 != null">
        py1,
      </if>
      <if test="py2 != null">
        py2,
      </if>
      <if test="optUser != null">
        opt_user,
      </if>
      <if test="optDate != null">
        opt_date,
      </if>
      <if test="optTerm != null">
        opt_term,
      </if>
    </trim>
    <trim prefix="values (" suffix=")" suffixOverrides=",">
      <if test="ioCode != null">
        #{ioCode,jdbcType=VARCHAR},
      </if>
      <if test="chnDesc != null">
        #{chnDesc,jdbcType=VARCHAR},
      </if>
      <if test="engDesc != null">
        #{engDesc,jdbcType=VARCHAR},
      </if>
      <if test="contactsName != null">
        #{contactsName,jdbcType=VARCHAR},
      </if>
      <if test="tel != null">
        #{tel,jdbcType=VARCHAR},
      </if>
      <if test="eMail != null">
        #{eMail,jdbcType=VARCHAR},
      </if>
      <if test="password != null">
        #{password,jdbcType=VARCHAR},
      </if>
      <if test="status != null">
        #{status,jdbcType=VARCHAR},
      </if>
      <if test="py1 != null">
        #{py1,jdbcType=VARCHAR},
      </if>
      <if test="py2 != null">
        #{py2,jdbcType=VARCHAR},
      </if>
      <if test="optUser != null">
        #{optUser,jdbcType=VARCHAR},
      </if>
      <if test="optDate != null">
        #{optDate,jdbcType=DATE},
      </if>
      <if test="optTerm != null">
        #{optTerm,jdbcType=VARCHAR},
      </if>
    </trim>
  </insert>
  <update id="updateByPrimaryKeySelective" parameterType="com.das.domain.SysIoInf">
    update sys_io_inf
    <set>
      <if test="chnDesc != null">
        chn_desc = #{chnDesc,jdbcType=VARCHAR},
      </if>
      <if test="engDesc != null">
        eng_desc = #{engDesc,jdbcType=VARCHAR},
      </if>
      <if test="contactsName != null">
        contacts_name = #{contactsName,jdbcType=VARCHAR},
      </if>
      <if test="tel != null">
        tel = #{tel,jdbcType=VARCHAR},
      </if>
      <if test="eMail != null">
        e_mail = #{eMail,jdbcType=VARCHAR},
      </if>
      <if test="password != null">
        password = #{password,jdbcType=VARCHAR},
      </if>
      <if test="status != null">
        status = #{status,jdbcType=VARCHAR},
      </if>
      <if test="py1 != null">
        py1 = #{py1,jdbcType=VARCHAR},
      </if>
      <if test="py2 != null">
        py2 = #{py2,jdbcType=VARCHAR},
      </if>
      <if test="optUser != null">
        opt_user = #{optUser,jdbcType=VARCHAR},
      </if>
      <if test="optDate != null">
        opt_date = #{optDate,jdbcType=DATE},
      </if>
      <if test="optTerm != null">
        opt_term = #{optTerm,jdbcType=VARCHAR},
      </if>
    </set>
    where io_code = #{ioCode,jdbcType=VARCHAR}
  </update>
  <update id="updateByPrimaryKey" parameterType="com.das.domain.SysIoInf">
    update sys_io_inf
    set chn_desc = #{chnDesc,jdbcType=VARCHAR},
      eng_desc = #{engDesc,jdbcType=VARCHAR},
      contacts_name = #{contactsName,jdbcType=VARCHAR},
      tel = #{tel,jdbcType=VARCHAR},
      e_mail = #{eMail,jdbcType=VARCHAR},
      password = #{password,jdbcType=VARCHAR},
      status = #{status,jdbcType=VARCHAR},
      py1 = #{py1,jdbcType=VARCHAR},
      py2 = #{py2,jdbcType=VARCHAR},
      opt_user = #{optUser,jdbcType=VARCHAR},
      opt_date = #{optDate,jdbcType=DATE},
      opt_term = #{optTerm,jdbcType=VARCHAR}
    where io_code = #{ioCode,jdbcType=VARCHAR}
  </update>
</mapper>