<?xml version="1.0" encoding="UTF-8"?>
<!DOCTYPE mapper PUBLIC "-//mybatis.org//DTD Mapper 3.0//EN" "http://mybatis.org/dtd/mybatis-3-mapper.dtd">
<mapper namespace="com.das.dao.extend.SysIoInfMapperExtend">

  <resultMap id="BaseResultMap" type="com.das.domain.SysIoInf">
    <id column="io_code" jdbcType="VARCHAR" property="ioCode" />
    <result column="chn_desc" jdbcType="VARCHAR" property="chnDesc" />
    <result column="eng_desc" jdbcType="VARCHAR" property="engDesc" />
    <result column="contacts_name" jdbcType="VARCHAR" property="contactsName" />
    <result column="tel" jdbcType="VARCHAR" property="tel" />
    <result column="e_mail" jdbcType="VARCHAR" property="eMail" />
    <result column="password" jdbcType="VARCHAR" property="password" />
    <result column="status" jdbcType="VARCHAR" property="status" />
    <result column="py1" jdbcType="VARCHAR" property="py1" />
    <result column="py2" jdbcType="VARCHAR" property="py2" />
    <result column="opt_user" jdbcType="VARCHAR" property="optUser" />
    <result column="opt_date" jdbcType="DATE" property="optDate" />
    <result column="opt_term" jdbcType="VARCHAR" property="optTerm" />
  </resultMap>
  <sql id="Base_Column_List">
    io_code, chn_desc, eng_desc, contacts_name, tel, e_mail, password, status, py1, py2, 
    opt_user, opt_date, opt_term
  </sql>
  <!-- 根据子系统编码和密码查询子系统是否存在 -->
  <select id="selectByIoCodePassword" parameterType="Map" resultMap="BaseResultMap">
    select
    <include refid="Base_Column_List" />
    from sys_io_inf
    where io_code = #{ioCode,jdbcType=VARCHAR} and password= #{password,jdbcType=VARCHAR}
  </select>
  <!-- 更新密码 -->
  <update id="updatePasswordByPrimaryKey" parameterType="Map">
    update sys_io_inf
    set password = #{password,jdbcType=VARCHAR}
    where io_code = #{ioCode,jdbcType=VARCHAR}
  </update>
  
  <!-- 查询所有的注册子系统 -->
  <select id="listAllSysIoInf" resultMap="BaseResultMap">
    select  io_code, chn_desc, eng_desc, contacts_name, tel, e_mail, status, py1,
    py2, opt_user from sys_io_inf
  </select>
  
  
  <!-- 根据条件查询子系统注册信息 -->
  <select id = "listSysIoInfByCondition" parameterType="com.das.domain.SysIoInf"  resultMap="BaseResultMap">
  	select io_code, chn_desc, eng_desc, contacts_name, tel, e_mail, status, py1,
    py2, opt_user from sys_io_inf 
    <where>
     <if test="chnDesc != null and chnDesc != ''">
      and chn_desc = #{chnDesc,jdbcType=VARCHAR} 
     </if>

     <if test="status != null and status != ''">
       and status = #{status,jdbcType=VARCHAR}
     </if>
     <if test="ioCode != null and ioCode != ''">
      and  io_code = #{ioCode,jdbcType=VARCHAR}
     </if>
     </where>
  </select>
</mapper>