<?xml version="1.0" encoding="UTF-8"?>
<!DOCTYPE mapper PUBLIC "-//mybatis.org//DTD Mapper 3.0//EN" "http://mybatis.org/dtd/mybatis-3-mapper.dtd">
<mapper namespace="com.das.dao.extend.SysIoTableMapperExtend">
  <resultMap id="BaseResultMap" type="com.das.domain.SysIoTable">
    <id column="IO_CODE" jdbcType="VARCHAR" property="ioCode" />
    <id column="TABLE_NAME" jdbcType="VARCHAR" property="tableName" />
    <result column="READ" jdbcType="VARCHAR" property="read" />
    <result column="WRITE" jdbcType="VARCHAR" property="write" />
    <result column="LISTEN" jdbcType="VARCHAR" property="listen" />
    <result column="OPT_USER" jdbcType="VARCHAR" property="optUser" />
    <result column="OPT_DATE" jdbcType="TIMESTAMP" property="optDate" />
    <result column="OPT_TERM" jdbcType="VARCHAR" property="optTerm" />
    <result column="status" jdbcType="VARCHAR" property="status"/>
  </resultMap>
  <sql id="Base_Column_List">
    IO_CODE, TABLE_NAME, READ, WRITE, LISTEN, OPT_USER, OPT_DATE, OPT_TERM
  </sql>
  <!-- 注册交换字典 -->
  <insert id="insertRegistTable" parameterType="Map">
    insert into SYS_IO_TABLE
    <trim prefix="(" suffix=")" suffixOverrides=",">
      <if test="ioCode != null">
        IO_CODE,
      </if>
      <if test="tableName != null">
        TABLE_NAME,
      </if>
      <if test="read != null">
        READ,
      </if>
      <if test="write != null">
        WRITE,
      </if>
      <if test="listen != null">
        LISTEN,
      </if>
      <if test="optUser != null">
        OPT_USER,
      </if>
      <if test="optDate != null">
        OPT_DATE,
      </if>
      <if test="optTerm != null">
        OPT_TERM,
      </if>
    </trim>
    <trim prefix="values (" suffix=")" suffixOverrides=",">
      <if test="ioCode != null">
        #{ioCode,jdbcType=VARCHAR},
      </if>
      <if test="tableName != null">
        #{tableName,jdbcType=VARCHAR},
      </if>
      <if test="read != null">
        #{read,jdbcType=VARCHAR},
      </if>
      <if test="write != null">
        #{write,jdbcType=VARCHAR},
      </if>
      <if test="listen != null">
        #{listen,jdbcType=VARCHAR},
      </if>
      <if test="optUser != null">
        #{optUser,jdbcType=VARCHAR},
      </if>
      <if test="optDate != null">
        #{optDate,jdbcType=TIMESTAMP},
      </if>
      <if test="optTerm != null">
        #{optTerm,jdbcType=VARCHAR},
      </if>
    </trim>
  </insert>
      
     <!-- 交换字典注册状态查询 -->
     <select id="getSysIoTableByIoCodeAndTableName" parameterType="Map" resultMap="BaseResultMap">
		select write,listen,read from SYS_IO_TABLE where io_code = #{ioCode} and  table_name = #{tableName} 
     </select>

    <!-- 根据表名查询-->
    <select id = "listSysIoTableByTableName" parameterType="java.lang.String" resultMap="BaseResultMap">
      select * from sys_io_table where TABLE_NAME = #{tableName}
    </select>

  <!-- 根据ioCode查询 -->
  <select id="listSysIoTableByIoCode" parameterType="java.lang.String" resultMap="BaseResultMap">
    select IO_CODE,TABLE_NAME,READ,WRITE,LISTEN from sys_io_table where IO_CODE = #{ioCode}
  </select>
  
</mapper>