<?xml version="1.0" encoding="UTF-8"?>
<!DOCTYPE mapper PUBLIC "-//mybatis.org//DTD Mapper 3.0//EN" "http://mybatis.org/dtd/mybatis-3-mapper.dtd">
<mapper namespace="com.das.dao.extend.SysIoShareTableMapperExtend">
  <resultMap id="BaseResultMap" type="com.das.domain.SysIoShareTable">
    <id column="TABLE_NAME" jdbcType="VARCHAR" property="tableName" />
    <result column="TABLE_DESC" jdbcType="VARCHAR" property="tableDesc" />
    <result column="READ" jdbcType="VARCHAR" property="read" />
    <result column="WRITE" jdbcType="VARCHAR" property="write" />
    <result column="LISTEN" jdbcType="VARCHAR" property="listen" />
    <result column="OPT_USER" jdbcType="VARCHAR" property="optUser" />
    <result column="OPT_DATE" jdbcType="TIMESTAMP" property="optDate" />
    <result column="OPT_TERM" jdbcType="VARCHAR" property="optTerm" />
    <result column="CHN_DESC" jdbcType="VARCHAR" property="chnDesc" />
    <result column="ENG_DESC" jdbcType="VARCHAR" property="engDesc" />
    <result column="PY1" jdbcType="VARCHAR" property="py1" />
    <result column="PY2" jdbcType="VARCHAR" property="py2" />
  </resultMap>
  <sql id="Base_Column_List">
    TABLE_NAME, TABLE_DESC, READ, WRITE, LISTEN, OPT_USER, OPT_DATE, OPT_TERM, CHN_DESC, 
    ENG_DESC, PY1, PY2
  </sql>

	<!-- 获取共享字典信息 -->
	<select id="listShareTable" resultMap="BaseResultMap">
		select * from sys_io_sharetable
	</select>

  <!-- 删除表 -->
  <select id="delTableByTableName" parameterType="java.lang.String">
    DELETE from sys_io_sharetable where TABLE_NAME = #{tableName}
  </select>

  <!-- 查询数据 -->
  <select id="listTableByCondition" parameterType="Map" resultMap="BaseResultMap">
    select * from sys_io_sharetable
    <where>
      <if test="tableName != null and tableName != ''">
        and TABLE_NAME = #{tableName,jdbcType=VARCHAR}
      </if>
      <if test="tableDesc != null and tableDesc != ''">
        and TABLE_DESC = #{tableDesc,jdbcType=VARCHAR}
      </if>
    </where>
  </select>

</mapper>