<?xml version="1.0" encoding="UTF-8"?>
<!DOCTYPE mapper PUBLIC "-//mybatis.org//DTD Mapper 3.0//EN" "http://mybatis.org/dtd/mybatis-3-mapper.dtd">
<mapper namespace="com.das.dao.SysIoShareTableMapper">
  <resultMap id="BaseResultMap" type="com.das.domain.SysIoShareTable">
    <id column="TABLE_NAME" jdbcType="VARCHAR" property="tableName" />
    <result column="TABLE_DESC" jdbcType="VARCHAR" property="tableDesc" />
    <result column="READ" jdbcType="VARCHAR" property="read" />
    <result column="WRITE" jdbcType="VARCHAR" property="write" />
    <result column="LISTEN" jdbcType="VARCHAR" property="listen" />
    <result column="OPT_USER" jdbcType="VARCHAR" property="optUser" />
    <result column="OPT_DATE" jdbcType="TIMESTAMP" property="optDate" />
    <result column="OPT_TERM" jdbcType="VARCHAR" property="optTerm" />
    <result column="CHN_DESC" jdbcType="VARCHAR" property="chnDesc" />
    <result column="ENG_DESC" jdbcType="VARCHAR" property="engDesc" />
    <result column="PY1" jdbcType="VARCHAR" property="py1" />
    <result column="PY2" jdbcType="VARCHAR" property="py2" />
  </resultMap>
  <sql id="Base_Column_List">
    TABLE_NAME, TABLE_DESC, READ, WRITE, LISTEN, OPT_USER, OPT_DATE, OPT_TERM, CHN_DESC, 
    ENG_DESC, PY1, PY2
  </sql>
  <select id="selectByPrimaryKey" parameterType="java.lang.String" resultMap="BaseResultMap">
    select 
    <include refid="Base_Column_List" />
    from SYS_IO_SHARETABLE
    where TABLE_NAME = #{tableName,jdbcType=VARCHAR}
  </select>
  <delete id="deleteByPrimaryKey" parameterType="java.lang.String">
    delete from SYS_IO_SHARETABLE
    where TABLE_NAME = #{tableName,jdbcType=VARCHAR}
  </delete>
  <insert id="insert" parameterType="com.das.domain.SysIoShareTable">
    insert into SYS_IO_SHARETABLE (TABLE_NAME, TABLE_DESC, READ, 
      WRITE, LISTEN, OPT_USER, 
      OPT_DATE, OPT_TERM, CHN_DESC, 
      ENG_DESC, PY1, PY2)
    values (#{tableName,jdbcType=VARCHAR}, #{tableDesc,jdbcType=VARCHAR}, #{read,jdbcType=VARCHAR}, 
      #{write,jdbcType=VARCHAR}, #{listen,jdbcType=VARCHAR}, #{optUser,jdbcType=VARCHAR}, 
      #{optDate,jdbcType=TIMESTAMP}, #{optTerm,jdbcType=VARCHAR}, #{chnDesc,jdbcType=VARCHAR}, 
      #{engDesc,jdbcType=VARCHAR}, #{py1,jdbcType=VARCHAR}, #{py2,jdbcType=VARCHAR})
  </insert>
  <insert id="insertSelective" parameterType="com.das.domain.SysIoShareTable">
    insert into SYS_IO_SHARETABLE
    <trim prefix="(" suffix=")" suffixOverrides=",">
      <if test="tableName != null">
        TABLE_NAME,
      </if>
      <if test="tableDesc != null">
        TABLE_DESC,
      </if>
      <if test="read != null">
        READ,
      </if>
      <if test="write != null">
        WRITE,
      </if>
      <if test="listen != null">
        LISTEN,
      </if>
      <if test="optUser != null">
        OPT_USER,
      </if>
      <if test="optDate != null">
        OPT_DATE,
      </if>
      <if test="optTerm != null">
        OPT_TERM,
      </if>
      <if test="chnDesc != null">
        CHN_DESC,
      </if>
      <if test="engDesc != null">
        ENG_DESC,
      </if>
      <if test="py1 != null">
        PY1,
      </if>
      <if test="py2 != null">
        PY2,
      </if>
    </trim>
    <trim prefix="values (" suffix=")" suffixOverrides=",">
      <if test="tableName != null">
        #{tableName,jdbcType=VARCHAR},
      </if>
      <if test="tableDesc != null">
        #{tableDesc,jdbcType=VARCHAR},
      </if>
      <if test="read != null">
        #{read,jdbcType=VARCHAR},
      </if>
      <if test="write != null">
        #{write,jdbcType=VARCHAR},
      </if>
      <if test="listen != null">
        #{listen,jdbcType=VARCHAR},
      </if>
      <if test="optUser != null">
        #{optUser,jdbcType=VARCHAR},
      </if>
      <if test="optDate != null">
        #{optDate,jdbcType=TIMESTAMP},
      </if>
      <if test="optTerm != null">
        #{optTerm,jdbcType=VARCHAR},
      </if>
      <if test="chnDesc != null">
        #{chnDesc,jdbcType=VARCHAR},
      </if>
      <if test="engDesc != null">
        #{engDesc,jdbcType=VARCHAR},
      </if>
      <if test="py1 != null">
        #{py1,jdbcType=VARCHAR},
      </if>
      <if test="py2 != null">
        #{py2,jdbcType=VARCHAR},
      </if>
    </trim>
  </insert>
  <update id="updateByPrimaryKeySelective" parameterType="com.das.domain.SysIoShareTable">
    update SYS_IO_SHARETABLE
    <set>
      <if test="tableDesc != null">
        TABLE_DESC = #{tableDesc,jdbcType=VARCHAR},
      </if>
      <if test="read != null">
        READ = #{read,jdbcType=VARCHAR},
      </if>
      <if test="write != null">
        WRITE = #{write,jdbcType=VARCHAR},
      </if>
      <if test="listen != null">
        LISTEN = #{listen,jdbcType=VARCHAR},
      </if>
      <if test="optUser != null">
        OPT_USER = #{optUser,jdbcType=VARCHAR},
      </if>
      <if test="optDate != null">
        OPT_DATE = #{optDate,jdbcType=TIMESTAMP},
      </if>
      <if test="optTerm != null">
        OPT_TERM = #{optTerm,jdbcType=VARCHAR},
      </if>
      <if test="chnDesc != null">
        CHN_DESC = #{chnDesc,jdbcType=VARCHAR},
      </if>
      <if test="engDesc != null">
        ENG_DESC = #{engDesc,jdbcType=VARCHAR},
      </if>
      <if test="py1 != null">
        PY1 = #{py1,jdbcType=VARCHAR},
      </if>
      <if test="py2 != null">
        PY2 = #{py2,jdbcType=VARCHAR},
      </if>
    </set>
    where TABLE_NAME = #{tableName,jdbcType=VARCHAR}
  </update>
  <update id="updateByPrimaryKey" parameterType="com.das.domain.SysIoShareTable">
    update SYS_IO_SHARETABLE
    set TABLE_DESC = #{tableDesc,jdbcType=VARCHAR},
      READ = #{read,jdbcType=VARCHAR},
      WRITE = #{write,jdbcType=VARCHAR},
      LISTEN = #{listen,jdbcType=VARCHAR},
      OPT_USER = #{optUser,jdbcType=VARCHAR},
      OPT_DATE = #{optDate,jdbcType=TIMESTAMP},
      OPT_TERM = #{optTerm,jdbcType=VARCHAR},
      CHN_DESC = #{chnDesc,jdbcType=VARCHAR},
      ENG_DESC = #{engDesc,jdbcType=VARCHAR},
      PY1 = #{py1,jdbcType=VARCHAR},
      PY2 = #{py2,jdbcType=VARCHAR}
    where TABLE_NAME = #{tableName,jdbcType=VARCHAR}
  </update>
</mapper>