<?xml version="1.0" encoding="UTF-8"?>
<!DOCTYPE mapper PUBLIC "-//mybatis.org//DTD Mapper 3.0//EN" "http://mybatis.org/dtd/mybatis-3-mapper.dtd">
<mapper namespace="com.das.dao.SysMenuMapper">
    <resultMap id="SysMenuMap" type="com.das.domain.SysMenu">
        <id property="id" column="id"/>
        <result property="name" column="name"/>
        <result property="url" column="url"/>
        <result property="type" column="type"/>
        <result property="icon" column="icon"/>
        <result property="parentId" column="parent_id"/>
        <result property="orderNum" column="order_num"/>
    </resultMap>

    <sql id="Base_Column_List">
        id, name, url, type, icon, parent_id, order_num
    </sql>

    <!-- 查询菜单列表 -->
    <select id="listMenu" resultMap="SysMenuMap">
        select p.*,(select m.name from uni_sys_menu m where m.id = p.parent_id) as parentName
        from uni_sys_menu p order by id asc
    </select>

    <!-- 新增菜单/目录/按钮 -->
    <insert id="saveNewMenu" parameterType="SysMenu">
        insert into uni_sys_menu
        <trim prefix="(" suffix=")" suffixOverrides=",">

            <if test="name != null">name,</if>
            <if test="url != null">url,</if>
            <if test="type != null">type,</if>
            <if test="icon != null">icon,</if>
            <if test="parentId != null">parent_id,</if>
            <if test="orderNum != null">order_num,</if>
        </trim>
        <trim prefix="values(" suffix=")" suffixOverrides=",">

            <if test="name != null">#{name},</if>
            <if test="url != null">#{url},</if>
            <if test="type != null">#{type},</if>
            <if test="icon != null">#{icon},</if>
            <if test="parentId != null">#{parentId},</if>
            <if test="orderNum != null">#{orderNum},</if>
        </trim>
    </insert>

    <!--查询目录,不包含按钮 -->
    <select id="listNoButtonMenu" resultMap="SysMenuMap">
        select id,name,parent_id from uni_sys_menu where type IN (0,1) order by id asc
    </select>

    <!-- 删除单个菜单 -->
    <delete id="delMenu" parameterType="java.lang.Integer">
        DELETE from uni_sys_menu where id = #{id}
    </delete>

    <!-- 批量删除菜单 -->
    <delete id="delMenuBatches" parameterType="java.lang.Integer">
        DELETE FROM uni_sys_menu where id in
        <foreach collection="list" item="id" open="(" separator="," close=")">
            #{id}
        </foreach>
    </delete>

    <!-- 更新菜单-->
    <update id="updateMenu" parameterType="SysMenu">
        update uni_sys_menu SET name=#{name},url=#{url},type=#{type},icon=#{icon},parent_id=#{parentId},
        order_num=#{orderNum} WHERE id = #{id}
    </update>

    <!-- 根据菜单名称和上级菜单名称查询列表 -->
    <select id="listMenuByName" parameterType="QueryData" resultMap="SysMenuMap">
        SELECT * FROM uni_sys_menu
        <where>
          <if test="str1!=null and str1!=''">
              and name LIKE concat(concat('%',#{str1}),'%')
          </if>
          <if test="str2!=null and str2!=''">
              and parent_id in (select id from uni_sys_menu where name like concat(concat('%',#{str2}),'%'))
          </if>

        </where>
    </select>
</mapper>