<?xml version="1.0" encoding="UTF-8" ?>
<!DOCTYPE mapper PUBLIC "-//mybatis.org//DTD Mapper 3.0//EN" "http://mybatis.org/dtd/mybatis-3-mapper.dtd" >
<mapper namespace="com.das.dao.extend.UnicodeMessageMapperExtend" >
    <resultMap id="BaseResultMap" type="com.das.domain.UnicodeMessage" >
        <result column="REGISTER_MESSAGE_NAME" property="registerMessageName" jdbcType="VARCHAR" />
        <result column="MESSAGE_ID" property="messageId" jdbcType="VARCHAR" />
    </resultMap>

    <select id="listAllUnicodeMessage" resultMap="BaseResultMap">
        select * from UNICODE_MESSAGE
    </select>

    <!-- 删除数据 -->
    <delete id="deleteByMessageName" parameterType="java.lang.String">
        delete from UNICODE_MESSAGE where REGISTER_MESSAGE_NAME = #{registerMessageName}
    </delete>

    <!-- 查询数据 -->
    <select id="listByMessageName" parameterType="java.lang.String" resultMap="BaseResultMap">
        select * from UNICODE_MESSAGE where REGISTER_MESSAGE_NAME = #{registerMessageName}
    </select>

    <!-- 插入数据-->
    <select id = "insertUnicodeMessage" parameterType="com.das.domain.UnicodeMessage" resultMap="BaseResultMap">
        insert into UNICODE_MESSAGE VALUES(#{registerMessageName},#{messageId})
    </select>

</mapper>