<?xml version="1.0" encoding="UTF-8" ?>
<!DOCTYPE mapper PUBLIC "-//mybatis.org//DTD Mapper 3.0//EN" "http://mybatis.org/dtd/mybatis-3-mapper.dtd" >
<mapper namespace="com.das.dao.extend.UnicodeCompareMapperExtend" >
    <resultMap id="BaseResultMap" type="com.das.domain.UnicodeCompare" >
        <result column="TABLE_NAME" property="tableName" jdbcType="VARCHAR" />
        <result column="CODE" property="code" jdbcType="VARCHAR" />
        <result column="DESCRIPTION" property="description" jdbcType="VARCHAR" />
        <result column="REGISTER_MESSAGE_NAME" property="registerMessageName" jdbcType="VARCHAR"/>
    </resultMap>

    <!-- 根据表名查询 -->
    <select id = "getUnicodeCompareByTableName" parameterType="java.lang.String" resultMap="BaseResultMap">
        select * from UNICODE_COMPARE WHERE TABLE_NAME = #{tableName}
    </select>

    <!-- 查询所有数据-->
    <select id = "listAllUniCodeCompare" resultMap="BaseResultMap">
        select * from UNICODE_COMPARE
    </select>
    
    <!-- 根据表名删除数据-->
    <delete id="deleteByTableName" parameterType="java.lang.String">
        DELETE from unicode_compare where TABLE_NAME = #{tableName}
    </delete>

    <select id="listUnicodeCompareByCondition" parameterType="com.das.domain.UnicodeCompare" resultMap="BaseResultMap">
        select * from unicode_compare
        <where>
            <if test="tableName != null and tableName != ''">
                and TABLE_NAME = #{tableName}
            </if>
            <if test="code !=null and code != ''">
                ad code = #{code}
            </if>
            <if test="description != null and description != ''">
                and description like  concat(concat('%',#{description}),'%')
            </if>
        </where>
    </select>

    <!-- 更新 -->
    <update id="updateUnicodeCompare" parameterType="com.das.domain.UnicodeCompare">
        update UNICODE_COMPARE
        <set>
            <if test = "code != null and code != ''">
                CODE = #{code},
            </if>
            <if test = "description != null and description != ''">
                DESCRIPTION = #{description},
            </if>
            <if test = "registerMessageName != null and registerMessageName != ''">
                REGISTER_MESSAGE_NAME = #{registerMessageName},
            </if>
        </set>
        where TABLE_NAME = #{tableName}
    </update>


</mapper>