<?xml version="1.0" encoding="UTF-8" ?>
<!DOCTYPE mapper PUBLIC "-//mybatis.org//DTD Mapper 3.0//EN" "http://mybatis.org/dtd/mybatis-3-mapper.dtd" >
<mapper namespace="com.das.dao.UnicodeTempMapper" >
  <resultMap id="BaseResultMap" type="com.das.domain.UnicodeTemp" >
    <result column="ID" property="id" jdbcType="INTEGER"/>
    <result column="TABLE_NAME" property="tableName" jdbcType="VARCHAR" />
    <result column="CODE" property="code" jdbcType="VARCHAR" />
    <result column="NAME" property="name" jdbcType="VARCHAR" />
    <result column="ACTION" property="action" jdbcType="VARCHAR" />
    <result column="FLAG" property="flag" jdbcType="VARCHAR" />
    <result column="TIME" property="time" jdbcType="TIMESTAMP" />
  </resultMap>
  <insert id="insert" parameterType="com.das.domain.UnicodeTemp" >
    insert into UNICODE_TEMP (TABLE_NAME, CODE, NAME, 
      ACTION, FLAG, TIME
      )
    values (#{tableName,jdbcType=VARCHAR}, #{code,jdbcType=VARCHAR}, #{name,jdbcType=VARCHAR}, 
      #{action,jdbcType=VARCHAR}, #{flag,jdbcType=VARCHAR}, #{time,jdbcType=TIMESTAMP}
      )
  </insert>
  <insert id="insertSelective" parameterType="com.das.domain.UnicodeTemp" >
    insert into UNICODE_TEMP
    <trim prefix="(" suffix=")" suffixOverrides="," >
      <if test="tableName != null" >
        TABLE_NAME,
      </if>
      <if test="code != null" >
        CODE,
      </if>
      <if test="name != null" >
        NAME,
      </if>
      <if test="action != null" >
        ACTION,
      </if>
      <if test="flag != null" >
        FLAG,
      </if>
      <if test="time != null" >
        TIME,
      </if>
    </trim>
    <trim prefix="values (" suffix=")" suffixOverrides="," >
      <if test="tableName != null" >
        #{tableName,jdbcType=VARCHAR},
      </if>
      <if test="code != null" >
        #{code,jdbcType=VARCHAR},
      </if>
      <if test="name != null" >
        #{name,jdbcType=VARCHAR},
      </if>
      <if test="action != null" >
        #{action,jdbcType=VARCHAR},
      </if>
      <if test="flag != null" >
        #{flag,jdbcType=VARCHAR},
      </if>
      <if test="time != null" >
        #{time,jdbcType=TIMESTAMP},
      </if>
    </trim>
  </insert>
</mapper>