<?xml version="1.0" encoding="UTF-8"?>
<!DOCTYPE mapper PUBLIC "-//mybatis.org//DTD Mapper 3.0//EN" "http://mybatis.org/dtd/mybatis-3-mapper.dtd">
<mapper namespace="com.das.dao.UnicodeCompareMapper">
  <resultMap id="BaseResultMap" type="com.das.domain.UnicodeCompare">
    <result column="TABLE_NAME" jdbcType="VARCHAR" property="tableName" />
    <result column="CODE" jdbcType="VARCHAR" property="code" />
    <result column="DESCRIPTION" jdbcType="VARCHAR" property="description" />
    <result column="REGISTER_MESSAGE_NAME" jdbcType="VARCHAR" property = "registerMessageName"/>
  </resultMap>
  <insert id="insert" parameterType="com.das.domain.UnicodeCompare">
    insert into UNICODE_COMPARE (TABLE_NAME, CODE, DESCRIPTION,REGISTER_MESSAGE_NAME
      )
    values (#{tableName,jdbcType=VARCHAR}, #{code,jdbcType=VARCHAR}, #{description,jdbcType=VARCHAR},#{registerMessageName,jdbcType=VARCHAR}
      )
  </insert>
  <insert id="insertSelective" parameterType="com.das.domain.UnicodeCompare">
    insert into UNICODE_COMPARE
    <trim prefix="(" suffix=")" suffixOverrides=",">
      <if test="tableName != null">
        TABLE_NAME,
      </if>
      <if test="code != null">
        CODE,
      </if>
      <if test="description != null">
        DESCRIPTION,
      </if>
      <if test="registerMessageName != null">
        REGISTER_MESSAGE_NAME
      </if>
    </trim>
    <trim prefix="values (" suffix=")" suffixOverrides=",">
      <if test="tableName != null">
        #{tableName,jdbcType=VARCHAR},
      </if>
      <if test="code != null">
        #{code,jdbcType=VARCHAR},
      </if>
      <if test="description != null">
        #{description,jdbcType=VARCHAR},
      </if>
      <if test="registerMessageName != null">
        #{registerMessageName,jdbcType=VARCHAR}
      </if>
    </trim>
  </insert>

</mapper>