<?xml version="1.0" encoding="UTF-8" ?>
<!DOCTYPE mapper PUBLIC "-//mybatis.org//DTD Mapper 3.0//EN" "http://mybatis.org/dtd/mybatis-3-mapper.dtd" >
<mapper namespace="com.das.dao.extend.UnicodeMapperExtend" >
    <resultMap id="BaseResultMap" type="com.das.domain.UnicodeTemp" >
        <result column="ID" property="id" jdbcType="INTEGER"/>
        <result column="TABLE_NAME" property="tableName" jdbcType="VARCHAR" />
        <result column="CODE" property="code" jdbcType="VARCHAR" />
        <result column="NAME" property="name" jdbcType="VARCHAR" />
        <result column="ACTION" property="action" jdbcType="VARCHAR" />
        <result column="FLAG" property="flag" jdbcType="VARCHAR" />
        <result column="TIME" property="time" jdbcType="TIMESTAMP" />
    </resultMap>

    <!-- 获取新增的数据 -->
    <select id="listTableNameByFlag" parameterType="java.lang.String" resultMap="BaseResultMap">
        select DISTINCT TABLE_NAME from unicode_temp where FLAG = #{flag}
    </select>

    <!-- 根据表名查询数据 -->
    <select id="getTableData" parameterType="java.lang.String" resultMap="BaseResultMap">
        select * from UNICODE_TEMP where TABLE_NAME = #{tableName} and FLAG = 'NEW'
    </select>
    <!-- 批量更改状态 -->
    <update id = "changeStatus" parameterType="java.util.List">
        update unicode_temp
        <trim prefix="set" suffixOverrides=",">
          <trim prefix = "FLAG = case" suffix = "end,">
              <foreach collection="list" item="unicodeTemp" index="index">
                  <if test = "unicodeTemp.flag!=null">
                      when id = #{unicodeTemp.id}
                      then #{unicodeTemp.flag}
                  </if>
              </foreach>
          </trim>
        </trim>
        WHERE 
          <foreach collection="list" separator="or" item = "unicodeTemp" index="index">
            id=#{unicodeTemp.id}
          </foreach>
    </update>

</mapper>