<?xml version="1.0" encoding="UTF-8"?>
<!DOCTYPE mapper PUBLIC "-//mybatis.org//DTD Mapper 3.0//EN" "http://mybatis.org/dtd/mybatis-3-mapper.dtd">
<mapper namespace="com.das.dao.UserMapper">
    <resultMap id="UserMap" type="com.das.domain.User">
        <id column="id" jdbcType="INTEGER" property="id"/>
        <result column="username" jdbcType="VARCHAR" property="username"/>
        <result column="password" jdbcType="VARCHAR" property="password"/>
        <result column="nickname" jdbcType="VARCHAR" property="nickname"/>
        <result column="salt" jdbcType="VARCHAR" property="salt"/>
        <result column="role" jdbcType="TINYINT" property="role"/>
        <result column="status" jdbcType="SMALLINT" property="status"/>
        <result column="last_login_time" jdbcType="TIMESTAMP" property="lastLoginTime"/>
        <result column="create_time" jdbcType="TIMESTAMP" property="createTime"/>
        <result column="modify_time" jdbcType="TIMESTAMP" property="modifyTime"/>
    </resultMap>
    <sql id="Base_Column_List">
    id, username, password, nickname, salt, role, status, last_login_time, create_time, 
    modify_time
  </sql>
    <select id="selectByPrimaryKey" parameterType="java.lang.Integer" resultMap="UserMap">
        select
        <include refid="Base_Column_List"/>
        from uni_sys_user
        where id = #{id,jdbcType=INTEGER}
    </select>
    <delete id="deleteByPrimaryKey" parameterType="java.lang.Integer">
    delete from uni_sys_user
    where id = #{id,jdbcType=INTEGER}
  </delete>
    <insert id="insert" parameterType="com.das.domain.User">
    insert into uni_sys_user (id, username, password, 
      nickname, salt, role, 
      status, last_login_time, create_time, 
      modify_time)
    values (#{id,jdbcType=INTEGER}, #{username,jdbcType=VARCHAR}, #{password,jdbcType=VARCHAR}, 
      #{nickname,jdbcType=VARCHAR}, #{salt,jdbcType=VARCHAR}, #{role,jdbcType=TINYINT}, 
      #{status,jdbcType=SMALLINT}, #{lastLoginTime,jdbcType=TIMESTAMP}, #{createTime,jdbcType=TIMESTAMP}, 
      #{modifyTime,jdbcType=TIMESTAMP})
  </insert>
    <insert id="insertSelective" parameterType="com.das.domain.User">
        insert into uni_sys_user
        <trim prefix="(" suffix=")" suffixOverrides=",">
            <if test="id != null">
                id,
            </if>
            <if test="username != null">
                username,
            </if>
            <if test="password != null">
                password,
            </if>
            <if test="nickname != null">
                nickname,
            </if>
            <if test="salt != null">
                salt,
            </if>
            <if test="role != null">
                role,
            </if>
            <if test="status != null">
                status,
            </if>
            <if test="lastLoginTime != null">
                last_login_time,
            </if>
            <if test="createTime != null">
                create_time,
            </if>
            <if test="modifyTime != null">
                modify_time,
            </if>
        </trim>
        <trim prefix="values (" suffix=")" suffixOverrides=",">
            <if test="id != null">
                #{id,jdbcType=INTEGER},
            </if>
            <if test="username != null">
                #{username,jdbcType=VARCHAR},
            </if>
            <if test="password != null">
                #{password,jdbcType=VARCHAR},
            </if>
            <if test="nickname != null">
                #{nickname,jdbcType=VARCHAR},
            </if>
            <if test="salt != null">
                #{salt,jdbcType=VARCHAR},
            </if>
            <if test="role != null">
                #{role,jdbcType=TINYINT},
            </if>
            <if test="status != null">
                #{status,jdbcType=SMALLINT},
            </if>
            <if test="lastLoginTime != null">
                #{lastLoginTime,jdbcType=TIMESTAMP},
            </if>
            <if test="createTime != null">
                #{createTime,jdbcType=TIMESTAMP},
            </if>
            <if test="modifyTime != null">
                #{modifyTime,jdbcType=TIMESTAMP},
            </if>
        </trim>
    </insert>
    <update id="updateByPrimaryKeySelective" parameterType="com.das.domain.User">
        update uni_sys_user
        <set>
            <if test="username != null">
                username = #{username,jdbcType=VARCHAR},
            </if>
            <if test="password != null">
                password = #{password,jdbcType=VARCHAR},
            </if>
            <if test="nickname != null">
                nickname = #{nickname,jdbcType=VARCHAR},
            </if>
            <if test="salt != null">
                salt = #{salt,jdbcType=VARCHAR},
            </if>
            <if test="role != null">
                role = #{role,jdbcType=TINYINT},
            </if>
            <if test="status != null">
                status = #{status,jdbcType=SMALLINT},
            </if>
            <if test="lastLoginTime != null">
                last_login_time = #{lastLoginTime,jdbcType=TIMESTAMP},
            </if>
            <if test="createTime != null">
                create_time = #{createTime,jdbcType=TIMESTAMP},
            </if>
            <if test="modifyTime != null">
                modify_time = #{modifyTime,jdbcType=TIMESTAMP},
            </if>
        </set>
        where id = #{id,jdbcType=INTEGER}
    </update>
    <update id="updateByPrimaryKey" parameterType="com.das.domain.User">
    update uni_sys_user
    set username = #{username,jdbcType=VARCHAR},
      password = #{password,jdbcType=VARCHAR},
      nickname = #{nickname,jdbcType=VARCHAR},
      salt = #{salt,jdbcType=VARCHAR},
      role = #{role,jdbcType=TINYINT},
      status = #{status,jdbcType=SMALLINT},
      last_login_time = #{lastLoginTime,jdbcType=TIMESTAMP},
      create_time = #{createTime,jdbcType=TIMESTAMP},
      modify_time = #{modifyTime,jdbcType=TIMESTAMP}
    where id = #{id,jdbcType=INTEGER}
  </update>


    <!-- 根据用户名查询用户详细信息-->
    <select id="getUserByUsername" parameterType="java.lang.String" resultMap="UserMap">
        select
        <include refid="Base_Column_List"/>
        from uni_sys_user where username = #{username}
    </select>

    <!-- 根据用户名和密码查询用户 -->
    <select id = "getUserByUserNameAndPassword" parameterType="Map" resultMap="UserMap">
        select * from UNI_SYS_USER where USERNAME = #{username} and PASSWORD = #{password}
    </select>

    <!-- 查询所有的用户列表 -->
    <select id="listAllUser" resultMap="UserMap">
        select * from UNI_SYS_USER
    </select>

    <!-- 修改用户 -->
    <update id="updateUser" parameterType="com.das.domain.User">
        update UNI_SYS_USER
        set username = #{username,jdbcType=VARCHAR},
        password = #{password,jdbcType=VARCHAR},
        nickname = #{nickname,jdbcType=VARCHAR},
        salt = #{salt,jdbcType=VARCHAR},
        role = #{role,jdbcType=TINYINT},
        modify_time = #{modifyTime,jdbcType=TIMESTAMP}
        where id = #{id,jdbcType=INTEGER}
    </update>

    <!-- 按条件查询用户 -->
    <select id = "listUserByCondition" parameterType="com.das.domain.User" resultMap="UserMap">
        select * from UNI_SYS_USER
        <where>
            <if test="username != null and username != ''">
              username = #{username}
            </if>
            <if test="password != null and password != ''">
                password = #{password}
            </if>
            <if test = "status != null and status != ''">
                status = #{status}
            </if>
            <if test = "nickname != null and nickname != ''">
                nickname = #{nickname}
            </if>
            <if test="role != null and role != ''">
                role = #{role}
            </if>
        </where>
    </select>

    <!-- 批量删除用户 -->
    <delete id="delUserById" parameterType="java.lang.Integer">
            DELETE FROM UNI_SYS_USER where id in
            <foreach collection="list" item="id" open="(" separator="," close=")">
                #{id}
            </foreach>
    </delete>

    <!-- 删除用户 -->
    <delete id="delUser" parameterType="com.das.domain.User">
        delete from UNI_SYS_USER where USERNAME = #{username}
    </delete>

</mapper>