<?xml version="1.0" encoding="UTF-8"?>
<!DOCTYPE mapper PUBLIC "-//mybatis.org//DTD Mapper 3.0//EN" "http://mybatis.org/dtd/mybatis-3-mapper.dtd">
<mapper namespace="com.das.dao.UserTempMapper">
    <resultMap id="UserTempMap" type="com.das.domain.UserTemp">
        <result column="username" jdbcType="VARCHAR" property="username"/>
        <result column="password" jdbcType="VARCHAR" property="password"/>
        <result column="nickname" jdbcType="VARCHAR" property="nickname"/>
        <result column="ACTION" property="action" jdbcType="VARCHAR" />
        <result column="FLAG" property="flag" jdbcType="VARCHAR" />
        <result column="TIME" property="time" jdbcType="TIMESTAMP" />
    </resultMap>

    <!-- 查询状态为new的数据 -->
    <select id = "listAllUserTempWithNewStatus" resultMap="UserTempMap">
        select username,password,nickname,action from UNI_SYS_USER_TEMP WHERE flag = 'NEW'
    </select>

    <!-- 更改状态为DONE -->
    <update id ="changeStatus" parameterType="java.util.List">
        update UNI_SYS_USER_TEMP
        <trim prefix="set" suffixOverrides=",">
            <trim prefix = "FLAG = case" suffix = "end,">
                <foreach collection="list" item="userTemp" index="index">
                    <if test = "userTemp.flag!=null">
                        when username = #{userTemp.username}
                        then #{userTemp.flag}
                    </if>
                </foreach>
            </trim>
        </trim>
        WHERE
        <foreach collection="list" separator="or" item = "userTemp" index="index">
            username=#{userTemp.username}
        </foreach>
    </update>

    <!-- 更改状态 -->
    <insert id = "insertTempUser" parameterType="com.das.domain.UserTemp">
        insert into UNI_SYS_USER_TEMP
        <trim prefix="(" suffix=")" suffixOverrides=",">

            <if test="username != null and username != ''">USERNAME,</if>
            <if test="password != null and password != ''">PASSWORD,</if>
            <if test="nickname != null and nickname != ''">NICKNAME,</if>
            <if test="action != null and action != ''">ACTION,</if>
            <if test="flag != null and flag != ''">FLAG,</if>
            <if test="time != null">TIME,</if>
        </trim>
        <trim prefix="values(" suffix=")" suffixOverrides=",">

            <if test="username != null and username != ''">#{username},</if>
            <if test="password != null and password != ''">#{password},</if>
            <if test="nickname != null and nickname != ''">#{nickname},</if>
            <if test="action != null and action != ''">#{action},</if>
            <if test="flag != null and flag != ''">#{flag},</if>
            <if test="time != null">#{time},</if>
        </trim>
    </insert>
</mapper>